Country;GDP (in billions) in 2020;Moody's rating;Sovereign CDS;Adj. Default Spread;Equity Risk Premium;Country Risk Premium;Corporate Tax Rate;Region
Abu Dhabi;268;Aa2;0.0077;0.004221875;0.047306901;0.004906901;0.55;Middle East
Albania;14.8;B1;NA;0.038303918;0.086918977;0.044518977;0.15;Eastern Europe & Russia
Andorra (Principality of);3.16;Baa2;NA;0.016196647;0.061224657;0.018824657;0.1898;Western Europe
Angola;62.307;B3;0.0594;0.05534494;0.106725014;0.064325014;0.25;Africa
Argentina;383.067;Ca;0.2332;0.102092608;0.161057793;0.118657793;0.25;Central and South America
Armenia;12.645;Ba3;NA;0.030627782;0.077997338;0.035597338;0.18;Eastern Europe & Russia
Aruba;3.202;Baa2;NA;0.016196647;0.061224657;0.018824657;0.25;Caribbean
Australia;1330.901;Aaa;0.0023;0;0.0424;0;0.3;Australia & New Zealand
Austria;428.965;Aa1;0.0019;0.0033775;0.046325521;0.003925521;0.25;Western Europe
Azerbaijan;42.607;Ba2;NA;0.025561533;0.072109057;0.029709057;0.2;Eastern Europe & Russia
Bahamas;11.25;Ba3;NA;0.030627782;0.077997338;0.035597338;0;Caribbean
Bahrain;38.475;B2;0.034;0.046824429;0.096821995;0.054421995;0;Middle East
Bangladesh;324.239;Ba3;NA;0.030627782;0.077997338;0.035597338;0.325;Asia
Barbados;4.366;Caa1;NA;0.063788689;0.116538817;0.074138817;0.055;Caribbean
Belarus;60.258;B3;NA;0.05534494;0.106725014;0.064325014;0.18;Eastern Europe & Russia
Belgium;515.332;Aa3;0.0021;0.005143011;0.048377498;0.005977498;0.25;Western Europe
Belize;1.764;Caa3;NA;0.085051586;0.141251756;0.098851756;0.2718;Central and South America
Benin;15.652;B1;NA;0.038303918;0.086918977;0.044518977;0.3;Africa
Bermuda;7.484;A2;NA;0.007215568;0.05078634;0.00838634;0;Caribbean
Bolivia;36.689;B2;NA;0.046824429;0.096821995;0.054421995;0.25;Central and South America
Bosnia and Herzegovina;19.788;B3;NA;0.05534494;0.106725014;0.064325014;0.1;Eastern Europe & Russia
Botswana;15.782;A3;NA;0.010209261;0.054265779;0.011865779;0.22;Africa
Brazil;1444.733;Ba2;0.0291;0.025561533;0.072109057;0.029709057;0.34;Central and South America
Bulgaria;69.105;Baa1;0.0081;0.013586761;0.0581913;0.0157913;0.1;Eastern Europe & Russia
Burkina Faso;17.369;B2;NA;0.046824429;0.096821995;0.054421995;0.28;Africa
Cambodia;25.291;B2;NA;0.046824429;0.096821995;0.054421995;0.2;Asia
Cameroon;39.802;B2;0.0356;0.046824429;0.096821995;0.054421995;0.33;Africa
Canada;1643.408;Aaa;0.0028;0;0.0424;0;0.265;North America
Cape Verde;1.7;B3;NA;0.05534494;0.106725014;0.064325014;0;Africa
Cayman Islands;5.936;Aa3;NA;0.005143011;0.048377498;0.005977498;0;Caribbean
Chile;252.94;A1;0.0125;0.005987386;0.049358878;0.006958878;0.27;Central and South America
China;14722.731;A1;0.0074;0.005987386;0.049358878;0.006958878;0.25;Asia
Colombia;271.347;Baa2;0.0277;0.016196647;0.061224657;0.018824657;0.31;Central and South America
Congo (Democratic Republic of);49.87;Caa1;NA;0.063788689;0.116538817;0.074138817;0.3;Africa
Congo (Republic of);10.89;Caa2;NA;0.076607836;0.131437953;0.089037953;0.28;Africa
Cook Islands;0.384;B1;NA;0.038303918;0.086918977;0.044518977;0.2843;Australia & New Zealand
Costa Rica;61.521;B2;0.0392;0.046824429;0.096821995;0.054421995;0.3;Central and South America
C™te d'Ivoire;61.349;Ba3;NA;0.030627782;0.077997338;0.035597338;0.25;Africa
Croatia;55.967;Ba1;0.0111;0.021262896;0.067112939;0.024712939;0.18;Eastern Europe & Russia
Cuba;103.131;Ca;NA;0.102092608;0.161057793;0.118657793;0.2718;Caribbean
Curacao;3.1;Baa2;NA;0.016196647;0.061224657;0.018824657;0.22;Caribbean
Cyprus;23.804;Ba1;0.0074;0.021262896;0.067112939;0.024712939;0.125;Western Europe
Czech Republic;243.53;Aa3;0.0047;0.005143011;0.048377498;0.005977498;0.19;Eastern Europe & Russia
Denmark;355.184;Aaa;0.0015;0;0.0424;0;0.22;Western Europe
Dominican Republic;78.845;Ba3;NA;0.030627782;0.077997338;0.035597338;0.27;Caribbean
Ecuador;98.808;Caa3;0.0757;0.085051586;0.141251756;0.098851756;0.25;Central and South America
Egypt;363.09;B2;0.0574;0.046824429;0.096821995;0.054421995;0.225;Africa
El Salvador;24.639;Caa1;0.1833;0.063788689;0.116538817;0.074138817;0.3;Central and South America
Estonia;31.03;A1;0.0085;0.005987386;0.049358878;0.006958878;0.2;Eastern Europe & Russia
Ethiopia;107.645;Caa2;0.204;0.076607836;0.131437953;0.089037953;0.3;Africa
Fiji;4.376;B1;NA;0.038303918;0.086918977;0.044518977;0.2;Asia
Finland;271.234;Aa1;0.002;0.0033775;0.046325521;0.003925521;0.2;Western Europe
France;2603.004;Aa2;0.0034;0.004221875;0.047306901;0.004906901;0.265;Western Europe
Gabon;15.593;Caa1;NA;0.063788689;0.116538817;0.074138817;0.3;Africa
Georgia;15.892;Ba2;NA;0.025561533;0.072109057;0.029709057;0.15;Eastern Europe & Russia
Germany;3806.06;Aaa;0.0018;0;0.0424;0;0.3;Western Europe
Ghana;72.354;B3;NA;0.05534494;0.106725014;0.064325014;0.25;Africa
Greece;189.41;Ba3;0.0169;0.030627782;0.077997338;0.035597338;0.24;Western Europe
Guatemala;77.605;Ba1;NA;0.021262896;0.067112939;0.024712939;0.25;Central and South America
Guernsey (States of);3.18;Aa3;NA;0.005143011;0.048377498;0.005977498;0;Western Europe
Honduras;23.828;B1;NA;0.038303918;0.086918977;0.044518977;0.25;Central and South America
Hong Kong;346.6;Aa3;0.0041;0.005143011;0.048377498;0.005977498;0.165;Asia
Hungary;155.013;Baa2;0.0069;0.016196647;0.061224657;0.018824657;0.09;Eastern Europe & Russia
Iceland;21.715;A2;0.0073;0.007215568;0.05078634;0.00838634;0.2;Western Europe
India;2622.984;Baa3;0.0144;0.018729772;0.064168798;0.021768798;0.3;Asia
Indonesia;1058.424;Baa2;0.0136;0.016196647;0.061224657;0.018824657;0.35;Asia
Iraq;167.224;Caa1;0.0563;0.063788689;0.116538817;0.074138817;0.35;Middle East
Ireland;418.622;A2;0.0027;0.007215568;0.05078634;0.00838634;0.125;Western Europe
Isle of Man;7.492;Aa3;NA;0.005143011;0.048377498;0.005977498;0;Western Europe
Israel;401.954;A1;0.0072;0.005987386;0.049358878;0.006958878;0.23;Middle East
Italy;1886.445;Baa3;0.0141;0.018729772;0.064168798;0.021768798;0.24;Western Europe
Jamaica;13.812;B2;NA;0.046824429;0.096821995;0.054421995;0.25;Caribbean
Japan;5064.873;A1;0.0033;0.005987386;0.049358878;0.006958878;0.3062;Asia
Jersey (States of);4.89;Aaa;NA;0;0.0424;0;0;Western Europe
Jordan;43.698;B1;NA;0.038303918;0.086918977;0.044518977;0.2;Middle East
Kazakhstan;169.835;Baa2;0.0099;0.016196647;0.061224657;0.018824657;0.2;Eastern Europe & Russia
Kenya;98.843;B2;0.0444;0.046824429;0.096821995;0.054421995;0.3;Africa
Korea;1630.53;Aa2;0.0035;0.004221875;0.047306901;0.004906901;0.25;Asia
Kuwait;136.197;A1;0.0086;0.005987386;0.049358878;0.006958878;0.15;Middle East
Kyrgyzstan;7.74;B2;NA;0.046824429;0.096821995;0.054421995;0.1;Eastern Europe & Russia
Laos;19.14;Caa2;NA;0.076607836;0.131437953;0.089037953;0.2281;Asia
Latvia;33.505;A3;0.0074;0.010209261;0.054265779;0.011865779;0.2;Eastern Europe & Russia
Lebanon;33.383;C;NA;0.175;0.245794882;0.203394882;0.17;Middle East
Liechtenstein;6.839;Aaa;NA;0;0.0424;0;0.125;Western Europe
Lithuania;55.887;A2;0.0079;0.007215568;0.05078634;0.00838634;0.15;Eastern Europe & Russia
Luxembourg;73.264;Aaa;NA;0;0.0424;0;0.2494;Western Europe
Macao;55.15;Aa3;NA;0.005143011;0.048377498;0.005977498;0.2281;Asia
Macedonia;12.27;Ba3;NA;0.030627782;0.077997338;0.035597338;0.1;Eastern Europe & Russia
Malaysia;336.664;A3;0.0081;0.010209261;0.054265779;0.011865779;0.24;Asia
Maldives;4.03;Caa1;NA;0.063788689;0.116538817;0.074138817;0.2281;Asia
Mali;17.394;Caa1;NA;0.063788689;0.116538817;0.074138817;0.2281;Africa
Malta;14.647;A2;NA;0.007215568;0.05078634;0.00838634;0.35;Western Europe
Mauritius;10.914;Baa2;NA;0.016196647;0.061224657;0.018824657;0.15;Africa
Mexico;1076.163;Baa1;0.0158;0.013586761;0.0581913;0.0157913;0.3;Central and South America
Moldova;11.914;B3;NA;0.05534494;0.106725014;0.064325014;0.12;Eastern Europe & Russia
Mongolia;13.137;B3;NA;0.05534494;0.106725014;0.064325014;0.25;Asia
Montenegro;4.779;B1;NA;0.038303918;0.086918977;0.044518977;0.09;Eastern Europe & Russia
Montserrat;0.25;Baa3;NA;0.018729772;0.064168798;0.021768798;0.2718;Caribbean
Morocco;112.871;Ba1;0.0132;0.021262896;0.067112939;0.024712939;0.31;Africa
Mozambique;14.021;Caa2;NA;0.076607836;0.131437953;0.089037953;0.32;Africa
Namibia;10.7;Ba3;NA;0.030627782;0.077997338;0.035597338;0.32;Africa
Netherlands;912.242;Aaa;0.0019;0;0.0424;0;0.25;Western Europe
New Zealand;212.482;Aaa;0.0021;0;0.0424;0;0.28;Australia & New Zealand
Nicaragua;12.621;B3;0.0436;0.05534494;0.106725014;0.064325014;0.3;Central and South America
Niger;13.678;B3;NA;0.05534494;0.106725014;0.064325014;0.2281;Africa
Nigeria;432.294;B2;0.0553;0.046824429;0.096821995;0.054421995;0.3;Africa
Norway;362.009;Aaa;0.0019;0;0.0424;0;0.22;Western Europe
Oman;76.332;Ba3;0.0319;0.030627782;0.077997338;0.035597338;0.15;Middle East
Pakistan;263.687;B3;0.0367;0.05534494;0.106725014;0.064325014;0.29;Asia
Panama;52.938;Baa2;0.0126;0.016196647;0.061224657;0.018824657;0.25;Central and South America
Papua New Guinea;23.592;B2;NA;0.046824429;0.096821995;0.054421995;0.3;Asia
Paraguay;35.304;Ba1;NA;0.021262896;0.067112939;0.024712939;0.1;Central and South America
Peru;202.014;Baa1;0.0131;0.013586761;0.0581913;0.0157913;0.295;Central and South America
Philippines;361.489;Baa2;0.0092;0.016196647;0.061224657;0.018824657;0.3;Asia
Poland;594.165;A2;0.0068;0.007215568;0.05078634;0.00838634;0.19;Eastern Europe & Russia
Portugal;231.256;Baa2;0.0056;0.016196647;0.061224657;0.018824657;0.21;Western Europe
Qatar;146.374;Aa3;0.0074;0.005143011;0.048377498;0.005977498;0.1;Middle East
Ras Al Khaimah (Emirate of);3.52;A3;NA;0.010209261;0.054265779;0.011865779;0;Middle East
Romania;248.716;Baa3;0.0124;0.018729772;0.064168798;0.021768798;0.16;Eastern Europe & Russia
Russia;1483.5;Baa3;0.017;0.018729772;0.064168798;0.021768798;0.2;Eastern Europe & Russia
Rwanda;10.334;B2;0.0336;0.046824429;0.096821995;0.054421995;0.3;Africa
Saudi Arabia;700.118;A1;0.0088;0.005987386;0.049358878;0.006958878;0.2;Middle East
Senegal;24.911;Ba3;0.0266;0.030627782;0.077997338;0.035597338;0.3;Africa
Serbia;52.96;Ba2;0.0137;0.025561533;0.072109057;0.029709057;0.15;Eastern Europe & Russia
Sharjah;24.8;Baa3;NA;0.018729772;0.064168798;0.021768798;0;Middle East
Singapore;339.998;Aaa;NA;0;0.0424;0;0.17;Asia
Slovakia;104.57;A2;0.0063;0.007215568;0.05078634;0.00838634;0.21;Eastern Europe & Russia
Slovenia;52.88;A3;0.0087;0.010209261;0.054265779;0.011865779;0.19;Eastern Europe & Russia
Solomon Islands;1.551;Caa1;NA;0.063788689;0.116538817;0.074138817;0.3;Asia
South Africa;301.924;Ba2;0.0285;0.025561533;0.072109057;0.029709057;0.28;Africa
Spain;1281.199;Baa1;0.006;0.013586761;0.0581913;0.0157913;0.25;Western Europe
Sri Lanka;80.707;Caa2;0.1969;0.076607836;0.131437953;0.089037953;0.24;Asia
St. Maarten;1.19;Ba2;NA;0.025561533;0.072109057;0.029709057;0.2718;Caribbean
St. Vincent & the Grenadines;0.81;B3;NA;0.05534494;0.106725014;0.064325014;0.2718;Caribbean
Suriname;3.808;Caa3;NA;0.085051586;0.141251756;0.098851756;0.36;Central and South America
Swaziland;3.96;B3;NA;0.05534494;0.106725014;0.064325014;0.275;Africa
Sweden;537.61;Aaa;0.0019;0;0.0424;0;0.206;Western Europe
Switzerland;747.969;Aaa;0.0011;0;0.0424;0;0.1493;Western Europe
Taiwan;689;Aa3;NA;0.005143011;0.048377498;0.005977498;0.2;Asia
Tajikistan;8.194;B3;NA;0.05534494;0.106725014;0.064325014;0.2281;Eastern Europe & Russia
Tanzania;62.41;B2;NA;0.046824429;0.096821995;0.054421995;0.3;Africa
Thailand;501.795;Baa1;0.0052;0.013586761;0.0581913;0.0157913;0.2;Asia
Togo;7.575;B3;NA;0.05534494;0.106725014;0.064325014;0.2281;Africa
Trinidad and Tobago;21.53;Ba2;NA;0.025561533;0.072109057;0.029709057;0.3;Caribbean
Tunisia;39.236;Caa1;0.0882;0.063788689;0.116538817;0.074138817;0.15;Africa
Turkey;720.101;B2;0.0551;0.046824429;0.096821995;0.054421995;0.2;Western Europe
Turks and Caicos Islands;0.925;Baa1;NA;0.013586761;0.0581913;0.0157913;0;Caribbean
Uganda;37.372;B2;NA;0.046824429;0.096821995;0.054421995;0.3;Africa
Ukraine;155.582;B3;0.0617;0.05534494;0.106725014;0.064325014;0.18;Eastern Europe & Russia
United Arab Emirates;421.142;Aa2;NA;0.004221875;0.047306901;0.004906901;0.55;Middle East
United Kingdom;2707.744;Aa3;0.0018;0.005143011;0.048377498;0.005977498;0.19;Western Europe
United States;20936.6;Aaa;0.0019;0;0.0424;0;0.27;North America
Uruguay;53.629;Baa2;0.0146;0.016196647;0.061224657;0.018824657;0.25;Central and South America
Uzbekistan;57.707;B1;NA;0.038303918;0.086918977;0.044518977;0.075;Eastern Europe & Russia
Venezuela;98.4;C;NA;0.175;0.245794882;0.203394882;0.34;Central and South America
Vietnam;271.158;Ba3;0.0156;0.030627782;0.077997338;0.035597338;0.2;Asia
Zambia;19.32;Ca;NA;0.102092608;0.161057793;0.118657793;0.35;Africa