Country	Region	Moody's rating	Rating-based Default Spread	Total Equity Risk Premium	Country Risk Premium	Sovereign CDS, net of US	Total Equity Risk Premium2	Country Risk Premium3
Abu Dhabi	Middle East	Aa2	0.005280606	0.057489562	0.007489562	0.0027	0.053829451	0.003829451
Albania	Eastern Europe & Russia	B1	0.048154093	0.118297673	0.068297673	NA	NA	NA
Andorra (Principality of)	Western Europe	Baa2	0.02036805	0.078888311	0.028888311	NA	NA	NA
Angola	Africa	B3	0.069527972	0.148612566	0.098612566	0.1004	0.192398826	0.142398826
Argentina	Central and South America	Ca	0.128369005	0.232067686	0.182067686	NA	NA	NA
Armenia	Eastern Europe & Russia	Ba3	0.038472983	0.104566809	0.054566809	NA	NA	NA
Aruba	Caribbean	Baa2	0.02036805	0.078888311	0.028888311	NA	NA	NA
Australia	Australia & New Zealand	Aaa	0	0.05	0	0	0.05	0
Austria	Western Europe	Aa1	0.004274776	0.056062979	0.006062979	0	0.05	0
Azerbaijan	Eastern Europe & Russia	Ba1	0.026780214	0.087982779	0.037982779	NA	NA	NA
Bahamas	Caribbean	B1	0.048154093	0.118297673	0.068297673	NA	NA	NA
Bahrain	Middle East	B2	0.058841033	0.133455119	0.083455119	0.0273	0.08872	0.03872
Bangladesh	Asia	B1	0.048154093	0.118297673	0.068297673	NA	NA	NA
Barbados	Caribbean	Caa1	0.080214912	0.163770013	0.113770013	NA	NA	NA
Belarus	Eastern Europe & Russia	C	0.175	0.298205125	0.248205125	NA	NA	NA
Belgium	Western Europe	Aa3	0.006412164	0.059094468	0.009094468	0	0.05	0
Belize	Central and South America	Caa2	0.096308186	0.186595345	0.136595345	NA	NA	NA
Benin	Africa	B1	0.048154093	0.118297673	0.068297673	NA	NA	NA
Bermuda	Caribbean	A2	0.009052467	0.062839249	0.012839249	NA	NA	NA
Bolivia	Central and South America	Caa1	0.080214912	0.163770013	0.113770013	NA	NA	NA
Bosnia and Herzegovina	Eastern Europe & Russia	B3	0.069527972	0.148612566	0.098612566	NA	NA	NA
Botswana	Africa	A3	0.012824328	0.068188936	0.018188936	NA	NA	NA
Brazil	Central and South America	Ba2	0.032186548	0.095650664	0.045650664	0.0245	0.084748718	0.034748718
Bulgaria	Eastern Europe & Russia	Baa1	0.017099104	0.074251915	0.024251915	0.0097	0.063757656	0.013757656
Burkina Faso	Africa	Caa1	0.080214912	0.163770013	0.113770013	NA	NA	NA
Cambodia	Asia	B2	0.058841033	0.133455119	0.083455119	NA	NA	NA
Cameroon	Africa	B2	0.058841033	0.133455119	0.083455119	0.0602	0.135382563	0.085382563
Canada	North America	Aaa	0	0.05	0	0	0.05	0
Cape Verde	Africa	B3	0.069527972	0.148612566	0.098612566	NA	NA	NA
Cayman Islands	Caribbean	Aa3	0.006412164	0.059094468	0.009094468	NA	NA	NA
Chile	Central and South America	A2	0.009052467	0.062839249	0.012839249	0.0104	0.064750476	0.014750476
China	Asia	A1	0.007543722	0.060699374	0.010699374	0.0057	0.058084396	0.008084396
Colombia	Central and South America	Baa2	0.02036805	0.078888311	0.028888311	0.0311	0.094109597	0.044109597
Congo (Democratic Republic of)	Africa	B3	0.069527972	0.148612566	0.098612566	NA	NA	NA
Congo (Republic of)	Africa	Caa2	0.096308186	0.186595345	0.136595345	NA	NA	NA
Cook Islands	Australia & New Zealand	B2	0.058841033	0.133455119	0.083455119	NA	NA	NA
Costa Rica	Central and South America	B2	0.058841033	0.133455119	0.083455119	0.029	0.091131135	0.041131135
C™te d'Ivoire	Africa	Ba3	0.038472983	0.104566809	0.054566809	NA	NA	NA
Croatia	Eastern Europe & Russia	Baa2	0.02036805	0.078888311	0.028888311	0.0069	0.059786374	0.009786374
Cuba	Caribbean	Ca	0.128369005	0.232067686	0.182067686	NA	NA	NA
Curacao	Caribbean	Baa2	0.02036805	0.078888311	0.028888311	NA	NA	NA
Cyprus	Western Europe	Ba1	0.026780214	0.087982779	0.037982779	0.0071	0.060070037	0.010070037
Czech Republic	Eastern Europe & Russia	Aa3	0.006412164	0.059094468	0.009094468	0.0002	0.050283663	0.000283663
Denmark	Western Europe	Aaa	0	0.05	0	0	0.05	0
Dominican Republic	Caribbean	Ba3	0.038472983	0.104566809	0.054566809	NA	NA	NA
Ecuador	Central and South America	Caa3	0.106995126	0.201752792	0.151752792	NA	NA	NA
Egypt	Africa	B3	0.069527972	0.148612566	0.098612566	0.1276	0.230976994	0.180976994
El Salvador	Central and South America	Caa3	0.106995126	0.201752792	0.151752792	0.1445	0.254946518	0.204946518
Estonia	Eastern Europe & Russia	A1	0.007543722	0.060699374	0.010699374	0.0048	0.056807912	0.006807912
Ethiopia	Africa	Caa2	0.096308186	0.186595345	0.136595345	0.2793	0.44613538	0.39613538
Fiji	Asia	B1	0.048154093	0.118297673	0.068297673	NA	NA	NA
Finland	Western Europe	Aa1	0.004274776	0.056062979	0.006062979	0	0.05	0
France	Western Europe	Aa2	0.005280606	0.057489562	0.007489562	0	0.05	0
Gabon	Africa	Caa1	0.080214912	0.163770013	0.113770013	NA	NA	NA
Georgia	Eastern Europe & Russia	Ba2	0.032186548	0.095650664	0.045650664	NA	NA	NA
Germany	Western Europe	Aaa	0	0.05	0	0	0.05	0
Ghana	Africa	Ca	0.128369005	0.232067686	0.182067686	NA	NA	NA
Greece	Western Europe	Ba3	0.038472983	0.104566809	0.054566809	0.0088	0.062481172	0.012481172
Guatemala	Central and South America	Ba1	0.026780214	0.087982779	0.037982779	NA	NA	NA
Guernsey (States of)	Western Europe	Aa2	0.005280606	0.057489562	0.007489562	NA	NA	NA
Honduras	Central and South America	B1	0.048154093	0.118297673	0.068297673	NA	NA	NA
Hong Kong	Asia	Aa3	0.006412164	0.059094468	0.009094468	0.0011	0.051560147	0.001560147
Hungary	Eastern Europe & Russia	Baa2	0.02036805	0.078888311	0.028888311	0.0159	0.072551209	0.022551209
Iceland	Western Europe	A2	0.009052467	0.062839249	0.012839249	0.0038	0.055389597	0.005389597
India	Asia	Baa3	0.023511267	0.083346383	0.033346383	0.0099	0.064041319	0.014041319
Indonesia	Asia	Baa2	0.02036805	0.078888311	0.028888311	0.011	0.065601465	0.015601465
Iraq	Middle East	Caa1	0.080214912	0.163770013	0.113770013	0.0437	0.111980366	0.061980366
Ireland	Western Europe	Aa3	0.006412164	0.059094468	0.009094468	0	0.05	0
Isle of Man	Western Europe	Aa3	0.006412164	0.059094468	0.009094468	NA	NA	NA
Israel	Middle East	A1	0.007543722	0.060699374	0.010699374	0.0037	0.055247766	0.005247766
Italy	Western Europe	Baa3	0.023511267	0.083346383	0.033346383	0.0102	0.064466813	0.014466813
Jamaica	Caribbean	B2	0.058841033	0.133455119	0.083455119	NA	NA	NA
Japan	Asia	A1	0.007543722	0.060699374	0.010699374	0	0.05	0
Jersey (States of)	Western Europe	Aa3	0.006412164	0.059094468	0.009094468	NA	NA	NA
Jordan	Middle East	B1	0.048154093	0.118297673	0.068297673	NA	NA	NA
Kazakhstan	Eastern Europe & Russia	Baa2	0.02036805	0.078888311	0.028888311	0.0125	0.067728938	0.017728938
Kenya	Africa	B3	0.069527972	0.148612566	0.098612566	0.0742	0.155238973	0.105238973
Korea	Asia	Aa2	0.005280606	0.057489562	0.007489562	0	0.05	0
Kuwait	Middle East	A1	0.007543722	0.060699374	0.010699374	0.0027	0.053829451	0.003829451
Kyrgyzstan	Eastern Europe & Russia	B3	0.069527972	0.148612566	0.098612566	NA	NA	NA
Laos	Asia	Caa3	0.106995126	0.201752792	0.151752792	NA	NA	NA
Latvia	Eastern Europe & Russia	A3	0.012824328	0.068188936	0.018188936	0.0052	0.057375238	0.007375238
Lebanon	Middle East	C	0.175	0.298205125	0.248205125	NA	NA	NA
Liechtenstein	Western Europe	Aaa	0	0.05	0	NA	NA	NA
Lithuania	Eastern Europe & Russia	A2	0.009052467	0.062839249	0.012839249	0.0052	0.057375238	0.007375238
Luxembourg	Western Europe	Aaa	0	0.05	0	NA	NA	NA
Macao	Asia	Aa3	0.006412164	0.059094468	0.009094468	NA	NA	NA
Macedonia	Eastern Europe & Russia	Ba3	0.038472983	0.104566809	0.054566809	NA	NA	NA
Malaysia	Asia	A3	0.012824328	0.068188936	0.018188936	0.0057	0.058084396	0.008084396
Maldives	Asia	Caa1	0.080214912	0.163770013	0.113770013	NA	NA	NA
Mali	Africa	Caa2	0.096308186	0.186595345	0.136595345	NA	NA	NA
Malta	Western Europe	A2	0.009052467	0.062839249	0.012839249	NA	NA	NA
Mauritius	Africa	Baa3	0.023511267	0.083346383	0.033346383	NA	NA	NA
Mexico	Central and South America	Baa2	0.02036805	0.078888311	0.028888311	0.0145	0.070565568	0.020565568
Moldova	Eastern Europe & Russia	B3	0.069527972	0.148612566	0.098612566	NA	NA	NA
Mongolia	Asia	B3	0.069527972	0.148612566	0.098612566	NA	NA	NA
Montenegro	Eastern Europe & Russia	B1	0.048154093	0.118297673	0.068297673	NA	NA	NA
Montserrat	Caribbean	Baa3	0.023511267	0.083346383	0.033346383	NA	NA	NA
Morocco	Africa	Ba1	0.026780214	0.087982779	0.037982779	0.0152	0.071558388	0.021558388
Mozambique	Africa	Caa2	0.096308186	0.186595345	0.136595345	NA	NA	NA
Namibia	Africa	B1	0.048154093	0.118297673	0.068297673	NA	NA	NA
Netherlands	Western Europe	Aaa	0	0.05	0	0	0.05	0
New Zealand	Australia & New Zealand	Aaa	0	0.05	0	0	0.05	0
Nicaragua	Central and South America	B3	0.069527972	0.148612566	0.098612566	0.0477	0.117653626	0.067653626
Niger	Africa	B3	0.069527972	0.148612566	0.098612566	NA	NA	NA
Nigeria	Africa	Caa1	0.080214912	0.163770013	0.113770013	0.0707	0.150274871	0.100274871
Norway	Western Europe	Aaa	0	0.05	0	0	0.05	0
Oman	Middle East	Ba2	0.032186548	0.095650664	0.045650664	0.0157	0.072267546	0.022267546
Pakistan	Asia	Caa3	0.106995126	0.201752792	0.151752792	NA	NA	NA
Panama	Central and South America	Baa2	0.02036805	0.078888311	0.028888311	0.0129	0.068296264	0.018296264
Papua New Guinea	Asia	B2	0.058841033	0.133455119	0.083455119	NA	NA	NA
Paraguay	Central and South America	Ba1	0.026780214	0.087982779	0.037982779	NA	NA	NA
Peru	Central and South America	Baa1	0.017099104	0.074251915	0.024251915	0.0103	0.064608645	0.014608645
Philippines	Asia	Baa2	0.02036805	0.078888311	0.028888311	0.0101	0.064324982	0.014324982
Poland	Eastern Europe & Russia	A2	0.009052467	0.062839249	0.012839249	0.0059	0.058368059	0.008368059
Portugal	Western Europe	Baa2	0.02036805	0.078888311	0.028888311	0.0028	0.053971282	0.003971282
Qatar	Middle East	Aa3	0.006412164	0.059094468	0.009094468	0.0028	0.053971282	0.003971282
Ras Al Khaimah (Emirate of)	Middle East	A3	0.012824328	0.068188936	0.018188936	NA	NA	NA
Romania	Eastern Europe & Russia	Baa3	0.023511267	0.083346383	0.033346383	0.019	0.076947985	0.026947985
Russia	Eastern Europe & Russia	Ca	0.128369005	0.232067686	0.182067686	NA	NA	NA
Rwanda	Africa	B2	0.058841033	0.133455119	0.083455119	0.0476	0.117511794	0.067511794
Saudi Arabia	Middle East	A1	0.007543722	0.060699374	0.010699374	0.0046	0.056524249	0.006524249
Senegal	Africa	Ba3	0.038472983	0.104566809	0.054566809	0.0496	0.120348424	0.070348424
Serbia	Eastern Europe & Russia	Ba2	0.032186548	0.095650664	0.045650664	0.0234	0.083188571	0.033188571
Sharjah	Middle East	Ba1	0.026780214	0.087982779	0.037982779	NA	NA	NA
Singapore	Asia	Aaa	0	0.05	0	NA	NA	NA
Slovakia	Eastern Europe & Russia	A2	0.009052467	0.062839249	0.012839249	0.0011	0.051560147	0.001560147
Slovenia	Eastern Europe & Russia	A3	0.012824328	0.068188936	0.018188936	0.0028	0.053971282	0.003971282
Solomon Islands	Asia	Caa1	0.080214912	0.163770013	0.113770013	NA	NA	NA
South Africa	Africa	Ba2	0.032186548	0.095650664	0.045650664	0.0328	0.096520732	0.046520732
Spain	Western Europe	Baa1	0.017099104	0.074251915	0.024251915	0.0036	0.055105934	0.005105934
Sri Lanka	Asia	Ca	0.128369005	0.232067686	0.182067686	NA	NA	NA
St. Maarten	Caribbean	Ba2	0.032186548	0.095650664	0.045650664	NA	NA	NA
St. Vincent & the Grenadines	Caribbean	B3	0.069527972	0.148612566	0.098612566	NA	NA	NA
Suriname	Central and South America	Caa3	0.106995126	0.201752792	0.151752792	NA	NA	NA
Swaziland	Africa	B3	0.069527972	0.148612566	0.098612566	NA	NA	NA
Sweden	Western Europe	Aaa	0	0.05	0	0	0.05	0
Switzerland	Western Europe	Aaa	0	0.05	0	0	0.05	0
Taiwan	Asia	Aa3	0.006412164	0.059094468	0.009094468	NA	NA	NA
Tajikistan	Eastern Europe & Russia	B3	0.069527972	0.148612566	0.098612566	NA	NA	NA
Tanzania	Africa	B2	0.058841033	0.133455119	0.083455119	NA	NA	NA
Thailand	Asia	Baa1	0.017099104	0.074251915	0.024251915	0.0036	0.055105934	0.005105934
Togo	Africa	B3	0.069527972	0.148612566	0.098612566	NA	NA	NA
Trinidad and Tobago	Caribbean	Ba2	0.032186548	0.095650664	0.045650664	NA	NA	NA
Tunisia	Africa	Caa2	0.096308186	0.186595345	0.136595345	0.0743	0.155380805	0.105380805
Turkey	Western Europe	B3	0.069527972	0.148612566	0.098612566	0.0462	0.115526153	0.065526153
Turks and Caicos Islands	Caribbean	Baa1	0.017099104	0.074251915	0.024251915	NA	NA	NA
Uganda	Africa	B2	0.058841033	0.133455119	0.083455119	NA	NA	NA
Ukraine	Eastern Europe & Russia	Ca	0.128369005	0.232067686	0.182067686	NA	NA	NA
United Arab Emirates	Middle East	Aa2	0.005280606	0.057489562	0.007489562	NA	NA	NA
United Kingdom	Western Europe	Aa3	0.006412164	0.059094468	0.009094468	0	0.05	0
United States	North America	Aaa	0	0.05	0	0	0.05	0
Uruguay	Central and South America	Baa2	0.02036805	0.078888311	0.028888311	0.0052	0.057375238	0.007375238
Uzbekistan	Eastern Europe & Russia	Ba3	0.038472983	0.104566809	0.054566809	NA	NA	NA
Venezuela	Central and South America	C	0.175	0.298205125	0.248205125	0.1114	0.208000291	0.158000291
Vietnam	Asia	Ba2	0.032186548	0.095650664	0.045650664	0.013	0.068438095	0.018438095
Zambia	Africa	Ca	0.128369005	0.232067686	0.182067686	NA	NA	NA